Ep,Ep_r,epsilon
0,-171.607604,1.0
1,-131.024537,1.0
2,-276.82637,1.0
3,-199.619697,1.0
4,-430.454197,1.0
5,-149.57195,1.0
6,-280.757701,1.0
7,-408.202793,1.0
8,-274.414293,1.0
9,-141.424593,1.0
10,-521.839177,1.0
11,-168.337562,1.0
12,-158.776434,1.0
13,-244.400412,1.0
14,-368.169497,1.0
15,-59.218299,1.0
16,-168.553694,1.0
17,-149.563387,1.0
18,-313.961429,1.0
19,-243.133497,1.0
20,-214.831105,1.0
21,-183.506493,1.0
22,-91.313518,1.0
23,-228.884005,1.0
24,-414.661182,1.0
25,-132.660414,1.0
26,-221.024936,1.0
27,-394.308221,1.0
28,-403.335345,1.0
29,-107.577872,1.0
30,-31.685637,1.0
31,-223.59471,1.0
32,-118.392515,1.0
33,-243.809951,1.0
34,-201.333838,1.0
35,-42.984253,1.0
36,-394.097189,1.0
37,-365.81555,1.0
38,-141.412838,1.0
39,-176.877224,1.0
40,-426.917951,1.0
41,-171.839263,1.0
42,-156.080787,1.0
43,-124.555127,1.0
44,-154.13787,1.0
45,-292.632382,1.0
46,-134.723495,1.0
47,-53.007912,1.0
48,-279.636461,1.0
49,-250.628436,1.0
50,-248.688945,1.0
51,-406.856372,1.0
52,-172.984288,1.0
53,-487.397305,1.0
54,-180.015298,1.0
55,-459.630537,1.0
56,-257.67505,1.0
57,-131.814702,1.0
58,-186.658363,1.0
59,-126.919447,1.0
60,-139.003954,1.0
61,-175.223235,1.0
62,-273.255813,1.0
63,-256.466006,1.0
64,-163.382343,1.0
65,-194.919452,1.0
66,-243.359424,1.0
67,-114.358253,1.0
68,-135.071043,1.0
69,-364.36645,1.0
70,-502.855788,1.0
71,-196.972655,1.0
72,-202.374475,1.0
73,-249.509844,1.0
74,-337.850182,1.0
75,-132.516414,1.0
76,-92.933954,1.0
77,-376.913949,1.0
78,-367.214549,1.0
79,-238.039954,1.0
80,-164.419068,1.0
81,-220.367226,1.0
82,-227.591014,1.0
83,-149.406896,1.0
84,-160.385589,1.0
85,-357.078893,1.0
86,-227.18258,1.0
87,-111.514603,1.0
88,-296.508897,1.0
89,-178.625687,1.0
90,-244.698162,1.0
91,-163.443998,1.0
92,-347.855777,1.0
93,-179.235575,1.0
94,-240.318486,1.0
95,-435.823184,1.0
96,-358.408529,1.0
97,-154.326704,1.0
98,-160.691563,1.0
99,-171.302192,1.0
100,-216.768528,1.0
101,-161.443152,1.0
102,-357.769354,1.0
103,-143.352404,1.0
104,-380.548576,1.0
105,-132.713324,1.0
106,-177.941114,1.0
107,-122.374757,1.0
108,-355.628334,1.0
109,-156.924436,1.0
110,-179.917612,1.0
111,-164.189417,1.0
112,-206.585595,1.0
113,-107.305896,1.0
114,-145.887663,1.0
115,-178.361796,1.0
116,-22.41762,1.0
117,-139.321265,1.0
118,-181.139972,1.0
119,-126.312536,1.0
120,-552.747202,1.0
121,-51.669816,1.0
122,-294.596486,1.0
123,-310.208486,1.0
124,-133.585449,1.0
125,-150.726858,1.0
126,-167.541188,1.0
127,-238.939856,1.0
128,-145.37365,1.0
129,-294.806216,1.0
130,-515.936218,1.0
131,-151.416777,1.0
132,-134.064011,1.0
133,-360.037185,0.994164
134,-36.380585,0.988363
135,-436.221182,0.982595
136,-177.015476,0.976862
137,-449.256846,0.971161
138,-319.302426,0.965495
139,-13.402816,0.959861
140,-166.357865,0.954261
141,-117.901305,0.948694
142,-181.757314,0.943159
143,-106.820039,0.937656
144,-122.948488,0.932186
145,-145.218459,0.926748
146,-198.958177,0.921342
147,-225.257169,0.915968
148,-156.437069,0.910625
149,-346.896817,0.905313
150,-442.301497,0.900033
151,-202.372928,0.894783
152,-122.812676,0.889565
153,-163.890056,0.884377
154,-247.868193,0.879219
155,-124.019009,0.874092
156,-125.893784,0.868994
157,-135.216183,0.863927
158,-175.687126,0.858889
159,-102.882259,0.853881
160,-213.870424,0.848902
161,-156.145627,0.843953
162,-239.76539,0.839032
163,-36.655123,0.834141
164,-176.639449,0.829278
165,-241.102873,0.824443
166,-180.143726,0.819637
167,-232.292934,0.814859
168,-413.1493,0.810109
169,-246.442277,0.805387
170,-166.851441,0.800693
171,-341.952467,0.796026
172,-130.8311,0.791387
173,-263.54049,0.786774
174,-78.466916,0.782189
175,-110.508648,0.777631
176,-132.094115,0.773099
177,-218.109408,0.768594
178,-158.098284,0.764116
179,-129.631356,0.759664
180,-113.278746,0.755237
181,-79.616981,0.750837
182,-210.054097,0.746463
183,-162.65756,0.742114
184,-159.077444,0.737791
185,-154.888072,0.733493
186,-96.915173,0.72922
187,-148.243393,0.724973
188,-116.400048,0.72075
189,-94.644108,0.716552
190,-173.916289,0.712379
191,-136.036883,0.70823
192,-94.820137,0.704105
193,-226.590647,0.700005
194,-112.030728,0.695929
195,-95.356377,0.691876
196,-130.703486,0.687848
197,-122.199566,0.683843
198,-105.039422,0.679861
199,-74.147049,0.675903
200,-163.183031,0.671968
201,-63.057123,0.668057
202,-122.481044,0.664168
203,-76.938644,0.660302
204,-104.976436,0.656458
205,-94.60202,0.652637
206,-190.599522,0.648839
207,-152.4192,0.645063
208,-111.274979,0.641309
209,-108.31681,0.637577
210,-77.693403,0.633867
211,-344.709578,0.630178
212,-103.950726,0.626512
213,-77.469202,0.622866
214,-121.744444,0.619242
215,-171.286951,0.61564
216,-77.927198,0.612058
217,-139.724442,0.608498
218,-79.477127,0.604958
219,-152.131557,0.60144
220,-111.56544,0.597941
221,-49.372449,0.594464
222,-44.609812,0.591007
223,-220.372588,0.58757
224,-119.18148,0.584153
225,-242.369051,0.580756
226,-129.75673,0.577379
227,-64.141143,0.574022
228,-53.914529,0.570685
229,-33.24826,0.567367
230,-205.630004,0.564069
231,-3.918505,0.56079
232,-82.557545,0.55753
233,-83.982578,0.554289
234,-130.069647,0.551068
235,-55.314011,0.547865
236,-57.357128,0.544681
237,-75.086878,0.541516
238,-15.519149,0.538369
239,-70.847236,0.535241
240,-56.816758,0.532131
241,-99.695129,0.529039
242,-68.306101,0.525966
243,-101.891004,0.52291
244,-144.367181,0.519872
245,-150.544271,0.516853
246,-150.702137,0.513851
247,-96.064694,0.510866
248,-175.403429,0.507899
249,-216.496833,0.50495
250,-183.646541,0.502017
251,-102.498011,0.499102
252,-115.483058,0.496204
253,-258.412166,0.493323
254,-111.980739,0.490459
255,-218.837035,0.487612
256,-176.396481,0.484782
257,-107.393729,0.481968
258,-173.953401,0.47917
259,-44.470477,0.476389
260,-152.593494,0.473624
261,-210.407961,0.470876
262,-86.660519,0.468143
263,-231.252146,0.465427
264,-83.061842,0.462727
265,-332.01006,0.460042
266,-103.618571,0.457373
267,-44.429845,0.45472
268,-336.429834,0.452082
269,-167.016721,0.44946
270,-214.746165,0.446853
271,-56.192738,0.444262
272,-141.191976,0.441686
273,-115.172597,0.439124
274,-256.196879,0.436578
275,-50.001574,0.434047
276,-31.125676,0.431531
277,-146.335484,0.429029
278,-187.90586,0.426542
279,-205.28159,0.42407
280,-81.449609,0.421612
281,-103.387155,0.419168
282,-145.139625,0.416739
283,-259.505256,0.414324
284,-188.768562,0.411923
285,-208.261765,0.409537
286,-236.778865,0.407164
287,-339.517752,0.404805
288,-214.627367,0.402461
289,-41.469334,0.400129
290,-132.142918,0.397812
291,-85.056906,0.395508
292,-95.98674,0.393218
293,-218.214663,0.390941
294,-66.121024,0.388677
295,-61.527967,0.386427
296,-188.992158,0.38419
297,-101.007651,0.381966
298,-116.232242,0.379755
299,-76.652633,0.377557
300,-267.44752,0.375372
301,-403.294804,0.3732
302,-171.62357,0.37104
303,-144.255455,0.368893
304,-203.245885,0.366759
305,-233.504103,0.364637
306,-109.729841,0.362528
307,-239.507709,0.360431
308,-226.267132,0.358346
309,-45.306089,0.356274
310,-141.040579,0.354214
311,-240.107928,0.352165
312,-192.426418,0.350129
313,-198.540103,0.348105
314,-206.93694,0.346093
315,-142.277977,0.344092
316,-248.234381,0.342103
317,-245.016661,0.340126
318,-98.066968,0.338161
319,-115.200039,0.336207
320,-217.63793,0.334264
321,-154.657313,0.332333
322,-178.12034,0.330413
323,-531.882872,0.328505
324,-59.25788,0.326607
325,-203.139553,0.324721
326,-178.292514,0.322846
327,-187.9052,0.320982
328,-232.036889,0.319128
329,-64.402431,0.317286
330,-33.210683,0.315454
331,-43.327438,0.313634
332,45.8717,0.311823
333,-35.080123,0.310024
334,-15.86429,0.308235
335,-32.785112,0.306456
336,-5.323675,0.304688
337,-90.842444,0.302931
338,-30.372234,0.301183
339,-1.487984,0.299446
340,-89.715532,0.297719
341,-25.272911,0.296002
342,-129.070334,0.294295
343,-246.385199,0.292599
344,-87.609278,0.290912
345,4.330871,0.289235
346,190.789079,0.287568
347,-91.71107,0.285911
348,188.876818,0.284263
349,243.194762,0.282625
350,29.145657,0.280997
351,36.302418,0.279378
352,151.716587,0.277769
353,-85.752802,0.276169
354,-5.126361,0.274579
355,1.759193,0.272998
356,-329.667103,0.271426
357,98.638218,0.269863
358,5.238308,0.26831
359,161.65166,0.266765
360,171.525142,0.26523
361,41.373447,0.263704
362,12.180016,0.262187
363,46.579246,0.260678
364,-60.428032,0.259179
365,-36.227346,0.257688
366,-103.803984,0.256206
367,-53.261021,0.254732
368,-10.915858,0.253268
369,98.954785,0.251812
370,-415.416329,0.250364
371,26.600201,0.248925
372,48.342373,0.247494
373,219.465388,0.246072
374,231.353637,0.244658
375,157.823856,0.243252
376,-22.299208,0.241855
377,-35.631041,0.240466
378,43.287866,0.239085
379,131.139416,0.237712
380,-67.176554,0.236347
381,-68.574411,0.23499
382,-34.435313,0.233641
383,109.455233,0.2323
384,66.270143,0.230967
385,44.313185,0.229642
386,8.974498,0.228324
387,223.30202,0.227015
388,237.85967,0.225712
389,-84.771305,0.224418
390,-151.996176,0.223131
391,-58.977371,0.221852
392,218.756252,0.22058
393,186.522254,0.219315
394,-122.133314,0.218058
395,-27.975509,0.216809
396,-136.871593,0.215567
397,244.066568,0.214332
398,19.258546,0.213104
399,56.245165,0.211883
400,199.179923,0.21067
401,-61.572229,0.209464
402,160.305102,0.208264
403,-56.707486,0.207072
404,227.541698,0.205887
405,-214.694541,0.204709
406,-28.671885,0.203538
407,-40.235132,0.202373
408,180.50255,0.201215
409,227.702866,0.200065
410,-86.629899,0.198921
411,-7.900824,0.197783
412,-36.242324,0.196653
413,-13.368091,0.195528
414,219.212028,0.194411
415,29.131271,0.1933
416,-43.424452,0.192196
417,203.733976,0.191098
418,-27.149741,0.190006
419,-115.031245,0.188921
420,-73.745968,0.187842
421,-232.7092,0.18677
422,170.126035,0.185704
423,-85.977078,0.184644
424,-233.431488,0.183591
425,-22.678439,0.182543
426,249.49619,0.181502
427,-183.22065,0.180467
428,188.473172,0.179437
429,-196.32366,0.178414
430,-135.410009,0.177397
431,195.732086,0.176386
432,186.923527,0.175381
433,119.697908,0.174382
434,164.464686,0.173388
435,221.000331,0.172401
436,203.825888,0.171419
437,-64.094042,0.170443
438,183.154559,0.169472
439,176.495718,0.168508
440,-135.257334,0.167549
441,-5.622538,0.166595
442,33.728505,0.165648
443,206.516129,0.164705
444,-235.061664,0.163769
445,270.51372,0.162838
446,202.701481,0.161912
447,-9.718254,0.160992
448,-90.067318,0.160077
449,-176.559605,0.159167
450,-40.664915,0.158263
451,3.858561,0.157364
452,-110.254135,0.15647
453,185.193116,0.155582
454,-106.803512,0.154699
455,221.608089,0.153821
456,-56.932434,0.152948
457,-116.372063,0.15208
458,-92.559278,0.151218
459,161.388883,0.15036
460,-63.949803,0.149507
461,190.97447,0.14866
462,192.846336,0.147817
463,-61.861355,0.14698
464,186.45859,0.146147
465,207.575065,0.145319
466,207.961485,0.144496
467,-38.498701,0.143678
468,-77.566856,0.142865
469,131.899564,0.142056
470,175.582071,0.141252
471,101.869759,0.140453
472,-55.562457,0.139659
473,10.52291,0.138869
474,-50.102516,0.138084
475,-33.032344,0.137303
476,-8.916586,0.136527
477,219.08188,0.135756
478,-78.881336,0.134989
479,131.047948,0.134226
480,213.944731,0.133469
481,207.581799,0.132715
482,171.519574,0.131966
483,239.608866,0.131221
484,217.540562,0.130481
485,33.077652,0.129745
486,-32.654883,0.129013
487,207.249785,0.128286
488,230.900525,0.127563
489,177.163377,0.126844
490,222.967966,0.12613
491,215.35969,0.125419
492,194.362637,0.124713
493,184.012114,0.124011
494,-50.429973,0.123313
495,207.062567,0.122619
496,218.851737,0.121929
497,-256.116886,0.121243
498,265.479253,0.120561
499,-177.516124,0.119884
500,204.514142,0.11921
501,228.57488,0.11854
502,-250.520632,0.117874
503,-176.484232,0.117212
504,162.821227,0.116554
505,5.786299,0.1159
506,201.740128,0.115249
507,214.956532,0.114603
508,187.51186,0.11396
509,198.236713,0.113321
510,248.101023,0.112685
511,215.942555,0.112054
512,271.866216,0.111426
513,-109.772113,0.110802
514,212.091769,0.110181
515,-53.921667,0.109564
516,-10.57632,0.108951
517,223.8883,0.108341
518,-216.18485,0.107735
519,-351.776881,0.107133
520,-229.896983,0.106534
521,215.296039,0.105938
522,204.038451,0.105346
523,-77.702636,0.104758
524,221.567379,0.104172
525,-239.762886,0.103591
526,177.712783,0.103013
527,-45.355192,0.102438
528,169.34829,0.101866
529,168.294507,0.101298
530,215.286378,0.100733
531,-113.472182,0.100172
532,224.395508,0.099614
533,228.41833,0.099059
534,207.59707,0.098507
535,-156.23305,0.097959
536,-129.601569,0.097413
537,-339.377773,0.096871
538,213.040698,0.096333
539,200.693468,0.095797
540,221.162565,0.095264
541,-220.810655,0.094735
542,181.420141,0.094209
543,-96.393853,0.093685
544,-140.964282,0.093165
545,-154.603645,0.092648
546,224.774326,0.092134
547,-90.493953,0.091623
548,-129.954577,0.091115
549,-148.929161,0.09061
550,-303.144036,0.090108
551,-123.068492,0.089609
552,-96.922529,0.089112
553,173.823838,0.088619
554,-197.958746,0.088129
555,-73.602049,0.087641
556,-234.855164,0.087156
557,-118.184244,0.086675
558,223.773666,0.086196
559,-75.648249,0.085719
560,184.523831,0.085246
561,-432.463896,0.084775
562,-243.875787,0.084307
563,130.344732,0.083842
564,-95.270465,0.08338
565,126.683082,0.08292
566,-298.389087,0.082463
567,-84.661517,0.082009
568,-248.05886,0.081557
569,-131.2318,0.081108
570,-150.223818,0.080662
571,-237.58637,0.080218
572,-191.720686,0.079777
573,-61.69334,0.079338
574,-189.434466,0.078902
575,-311.932799,0.078469
576,-267.463018,0.078038
577,-235.584488,0.077609
578,-200.096444,0.077184
579,-262.104287,0.07676
580,-284.553096,0.076339
581,-44.386101,0.075921
582,-385.060892,0.075505
583,181.867384,0.075092
584,189.62472,0.07468
585,-99.540626,0.074272
586,129.88134,0.073865
587,-290.052916,0.073462
588,148.411198,0.07306
589,-38.530505,0.072661
590,253.162211,0.072264
591,-42.471137,0.071869
592,-65.153693,0.071477
593,-76.792041,0.071087
594,-52.852359,0.0707
595,184.256568,0.070314
596,224.845666,0.069931
597,-61.405589,0.069551
598,178.824298,0.069172
599,106.721274,0.068796
600,184.188107,0.068421
601,223.538683,0.068049
602,235.780906,0.06768
603,145.512047,0.067312
604,196.369088,0.066947
605,155.257154,0.066583
606,-190.483623,0.066222
607,180.852972,0.065863
608,-48.075258,0.065506
609,-203.507688,0.065151
610,-92.311428,0.064798
611,-53.177081,0.064448
612,128.214842,0.064099
613,139.325501,0.063752
614,105.507076,0.063408
615,184.562692,0.063065
616,170.176797,0.062725
617,136.108586,0.062386
618,202.646608,0.062049
619,160.063092,0.061715
620,223.149047,0.061382
621,184.688959,0.061052
622,-202.820602,0.060723
623,141.453954,0.060396
624,160.485441,0.060071
625,175.58485,0.059748
626,221.473361,0.059427
627,-53.356392,0.059108
628,226.354262,0.05879
629,198.919615,0.058475
630,-33.140869,0.058161
631,205.968628,0.05785
632,-24.729519,0.05754
633,198.492414,0.057231
634,-156.464962,0.056925
635,204.223875,0.056621
636,-94.957584,0.056318
637,-10.184474,0.056017
638,212.285664,0.055718
639,201.728833,0.05542
640,-151.071818,0.055124
641,-3.686451,0.05483
642,-60.637889,0.054538
643,-129.410806,0.054248
644,204.287237,0.053959
645,189.981959,0.053672
646,-259.999714,0.053386
647,204.268161,0.053102
648,-61.845012,0.05282
649,192.48929,0.05254
650,171.321467,0.052261
651,198.076971,0.051984
652,-8.576622,0.051708
653,-54.471815,0.051434
654,213.786745,0.051162
655,225.537726,0.050891
656,187.988111,0.050622
657,266.543978,0.050354
658,-351.816229,0.050088
659,226.203388,0.049824
660,199.345719,0.049561
661,210.160824,0.0493
662,119.561019,0.04904
663,-288.224043,0.048782
664,-176.036612,0.048525
665,-305.572136,0.04827
666,-401.743204,0.048016
667,208.195185,0.047763
668,215.756783,0.047513
669,-18.715494,0.047263
670,216.271393,0.047015
671,-229.588381,0.046769
672,171.860004,0.046524
673,-70.463854,0.04628
674,153.698995,0.046038
675,226.169319,0.045798
676,198.277352,0.045558
677,205.57959,0.045321
678,237.649252,0.045084
679,-69.479221,0.044849
680,-24.743783,0.044615
681,-110.422708,0.044383
682,-87.333978,0.044152
683,-4.081395,0.043922
684,215.910879,0.043694
685,207.658226,0.043467
686,-240.904023,0.043241
687,-19.872161,0.043017
688,-18.712575,0.042794
689,215.697088,0.042572
690,-230.394956,0.042352
691,-52.878555,0.042133
692,-7.033513,0.041915
693,215.547119,0.041699
694,-311.835876,0.041484
695,-3.487071,0.04127
696,-14.751825,0.041057
697,186.659205,0.040845
698,164.75787,0.040635
699,256.344269,0.040426
700,216.853213,0.040218
701,218.595375,0.040012
702,-126.270803,0.039806
703,-3.895495,0.039602
704,237.802864,0.039399
705,-213.493878,0.039198
706,237.091855,0.038997
707,96.322597,0.038798
708,162.309209,0.038599
709,-45.157988,0.038402
710,208.084279,0.038206
711,223.428507,0.038012
712,-54.182985,0.037818
713,230.037353,0.037626
714,177.575029,0.037434
715,-71.602994,0.037244
716,230.322073,0.037055
717,224.013037,0.036867
718,231.575786,0.03668
719,-105.309036,0.036494
720,228.708758,0.036309
721,230.014471,0.036126
722,137.107396,0.035943
723,223.304512,0.035762
724,208.735466,0.035581
725,164.97381,0.035402
726,202.775599,0.035224
727,195.655967,0.035046
728,243.289146,0.03487
729,226.23527,0.034695
730,170.057708,0.034521
731,197.046741,0.034348
732,-11.665921,0.034176
733,188.689242,0.034004
734,-337.66971,0.033834
735,198.893617,0.033665
736,164.720851,0.033497
737,172.668772,0.03333
738,-535.531561,0.033164
739,202.132481,0.032999
740,196.198952,0.032834
741,166.637344,0.032671
742,108.899363,0.032509
743,189.248732,0.032347
744,128.593811,0.032187
745,191.938573,0.032028
746,-135.551128,0.031869
747,-17.001969,0.031712
748,205.708857,0.031555
749,-215.523394,0.031399
750,-103.232913,0.031244
751,231.346314,0.03109
752,194.909555,0.030937
753,164.271707,0.030785
754,227.947449,0.030634
755,213.589007,0.030484
756,215.94483,0.030334
757,230.274671,0.030186
758,10.109857,0.030038
759,164.668034,0.029891
760,129.78449,0.029745
761,147.400821,0.0296
762,221.470992,0.029456
763,-228.346558,0.029312
764,230.127444,0.02917
765,202.636271,0.029028
766,-36.223965,0.028887
767,214.455272,0.028747
768,230.330443,0.028608
769,205.329508,0.028469
770,233.282645,0.028331
771,-53.036738,0.028195
772,-69.383715,0.028059
773,213.601517,0.027923
774,240.518598,0.027789
775,174.72821,0.027655
776,-59.788613,0.027522
777,200.625876,0.02739
778,230.048378,0.027259
779,214.279534,0.027128
780,220.715485,0.026999
781,6.356057,0.02687
782,206.237842,0.026741
783,211.360883,0.026614
784,-35.820238,0.026487
785,235.468746,0.026361
786,-256.334113,0.026236
787,224.376063,0.026111
788,-94.994683,0.025987
789,221.857025,0.025864
790,229.88466,0.025742
791,236.698068,0.02562
792,219.021155,0.025499
793,218.984463,0.025379
794,198.08404,0.02526
795,231.186338,0.025141
796,228.560048,0.025023
797,238.836627,0.024905
798,209.008675,0.024788
799,239.18799,0.024672
800,-79.78455,0.024557
801,246.797074,0.024442
802,232.497433,0.024328
803,233.012802,0.024215
804,241.783263,0.024102
805,-28.143525,0.02399
806,226.574586,0.023879
807,152.671415,0.023768
808,171.83452,0.023658
809,-58.01172,0.023549
810,243.005578,0.02344
811,216.573526,0.023332
812,261.008267,0.023224
813,170.82579,0.023117
814,-102.914784,0.023011
815,194.314068,0.022905
816,253.122533,0.0228
817,-46.27018,0.022696
818,159.509046,0.022592
819,-69.368733,0.022489
820,226.677451,0.022386
821,225.195051,0.022284
822,211.670982,0.022183
823,189.668485,0.022082
824,-102.488678,0.021982
825,130.975466,0.021882
826,187.807192,0.021783
827,235.776505,0.021685
828,206.949713,0.021587
829,199.005518,0.02149
830,-356.841423,0.021393
831,-13.320641,0.021297
832,-51.939754,0.021201
833,230.406936,0.021106
834,200.0688,0.021012
835,225.704194,0.020918
836,195.850378,0.020825
837,-165.514096,0.020732
838,-314.752262,0.02064
839,214.626653,0.020548
840,262.18788,0.020457
841,188.234665,0.020366
842,236.816104,0.020276
843,-381.842531,0.020186
844,-320.427143,0.020097
845,240.921685,0.020009
846,-187.922875,0.019921
847,-122.403697,0.019833
848,226.410747,0.019746
849,-244.756442,0.01966
850,119.518,0.019574
851,228.978751,0.019488
852,-104.511183,0.019403
853,165.597529,0.019319
854,204.356769,0.019235
855,236.160229,0.019151
856,14.586982,0.019068
857,-207.492074,0.018986
858,-55.709479,0.018904
859,-11.605861,0.018822
860,221.542262,0.018741
861,-279.895983,0.01866
862,196.782105,0.01858
863,191.004892,0.018501
864,219.239588,0.018422
865,118.060819,0.018343
866,202.961115,0.018265
867,220.953689,0.018187
868,-96.356188,0.018109
869,227.722058,0.018033
870,210.64554,0.017956
871,206.944273,0.01788
872,-112.810339,0.017805
873,208.830635,0.017729
874,-129.131342,0.017655
875,-28.126778,0.017581
876,82.27313,0.017507
877,-62.77367,0.017433
878,232.954461,0.017361
879,-253.573453,0.017288
880,-122.491342,0.017216
881,-114.623404,0.017144
882,-149.235551,0.017073
883,-27.945146,0.017002
884,179.973546,0.016932
885,-124.510301,0.016862
886,-107.722566,0.016792
887,-110.222453,0.016723
888,-196.666301,0.016654
889,-195.004108,0.016586
890,238.091326,0.016518
891,-92.253069,0.016451
892,-109.629186,0.016383
893,192.726362,0.016317
894,200.969622,0.01625
895,-180.257485,0.016184
896,-152.03737,0.016119
897,192.859339,0.016053
898,154.51175,0.015989
899,212.851052,0.015924
900,-40.914276,0.01586
901,-71.804453,0.015796
902,-105.945846,0.015733
903,150.152079,0.01567
904,103.312828,0.015608
905,-173.96577,0.015545
906,155.606419,0.015483
907,86.917174,0.015422
908,-94.592444,0.015361
909,233.772087,0.0153
910,219.743934,0.01524
911,-341.967968,0.01518
912,154.792192,0.01512
913,211.994991,0.015061
914,-309.330267,0.015002
915,189.921945,0.014943
916,226.923995,0.014885
917,-296.151413,0.014827
918,-96.448663,0.014769
919,-241.374327,0.014712
920,-163.215717,0.014655
921,252.894769,0.014598
922,-189.662192,0.014542
923,-213.493223,0.014486
924,203.458858,0.01443
925,-111.89462,0.014375
926,152.112493,0.01432
927,-246.863125,0.014265
928,-121.340367,0.014211
929,-74.297972,0.014157
930,187.586991,0.014103
931,-218.15068,0.01405
932,203.77976,0.013997
933,-136.123182,0.013944
934,-146.848957,0.013891
935,161.26133,0.013839
936,185.730914,0.013788
937,-177.961099,0.013736
938,184.891622,0.013685
939,213.691675,0.013634
940,-274.026206,0.013583
941,-187.532089,0.013533
942,-124.787272,0.013483
943,258.332278,0.013433
944,-263.036563,0.013384
945,-108.558062,0.013334
946,-245.857254,0.013286
947,-194.912882,0.013237
948,210.151498,0.013189
949,-179.943461,0.013141
950,166.827795,0.013093
951,-136.618216,0.013045
952,-378.994267,0.012998
953,-91.904418,0.012951
954,-310.233907,0.012905
955,-315.127509,0.012858
956,-95.519581,0.012812
957,-367.542957,0.012766
958,-418.576627,0.012721
959,-373.595794,0.012676
960,135.432479,0.012631
961,-373.911652,0.012586
962,-100.325093,0.012541
963,-216.862117,0.012497
964,-357.952534,0.012453
965,-66.437476,0.012409
966,-101.223824,0.012366
967,-66.53536,0.012323
968,-163.964709,0.01228
969,6.140244,0.012237
970,-291.489222,0.012195
971,161.724184,0.012152
972,-505.86055,0.01211
973,-95.398869,0.012069
974,-308.412952,0.012027
975,-329.181324,0.011986
976,-352.841563,0.011945
977,-275.874384,0.011904
978,-340.640222,0.011864
979,-406.204773,0.011824
980,-294.787609,0.011784
981,-550.478828,0.011744
982,-688.437171,0.011704
983,-1503.268539,0.011665
984,-132.320798,0.011626
985,-438.350195,0.011587
986,-607.533254,0.011548
987,-404.339259,0.01151
988,-276.20417,0.011472
989,-615.778736,0.011434
990,-345.759063,0.011396
991,-583.605805,0.011359
992,-203.367113,0.011321
993,-1107.244229,0.011284
994,-328.831542,0.011247
995,-271.859395,0.011211
996,-1058.677981,0.011174
997,-488.068904,0.011138
998,-566.838987,0.011102
999,-628.15009,0.011066
1000,-918.518807,0.011031
1001,-299.164822,0.010995
1002,-564.384664,0.01096
1003,-1264.934242,0.010925
1004,-319.205794,0.01089
1005,-500.531303,0.010856
1006,-2262.172841,0.010822
1007,-321.897367,0.010787
1008,-683.317158,0.010753
1009,-250.015434,0.01072
1010,-270.091416,0.010686
1011,211.163538,0.010653
1012,-117.634094,0.01062
1013,-992.749896,0.010587
1014,139.071474,0.010554
1015,-192.101569,0.010521
1016,-1011.244475,0.010489
1017,-288.902166,0.010457
1018,-380.628879,0.010425
1019,-304.808225,0.010393
1020,-179.847664,0.010361
1021,163.312124,0.01033
1022,-217.354637,0.010299
1023,-182.888913,0.010268
1024,-211.829052,0.010237
1025,-79.368319,0.010206
1026,-212.821755,0.010175
1027,-240.02945,0.010145
1028,-225.184897,0.010115
1029,-271.481236,0.010085
1030,-66.700675,0.010055
1031,-256.991026,0.010025
1032,-277.878033,0.009996
1033,-278.548813,0.009967
1034,-282.489213,0.009938
1035,-248.293893,0.009909
1036,-172.611011,0.00988
1037,-251.226201,0.009851
1038,-305.001128,0.009823
1039,-102.382999,0.009794
1040,-308.888621,0.009766
1041,-237.059258,0.009738
1042,-190.606723,0.009711
1043,-228.382361,0.009683
1044,-156.420531,0.009655
1045,-1007.687993,0.009628
1046,-84.538914,0.009601
1047,-249.819246,0.009574
1048,-204.21869,0.009547
1049,-206.949377,0.009521
1050,-311.368463,0.009494
1051,-109.654985,0.009468
1052,-85.031521,0.009441
1053,-110.400354,0.009415
1054,186.331776,0.009389
1055,-19.791579,0.009364
1056,-191.924293,0.009338
1057,-198.654939,0.009313
1058,-173.817774,0.009287
1059,-138.770174,0.009262
1060,-181.176158,0.009237
1061,-397.697893,0.009212
1062,-180.020154,0.009188
1063,-80.870337,0.009163
1064,-195.4053,0.009139
1065,-260.060801,0.009114
1066,-131.992103,0.00909
1067,-269.45308,0.009066
1068,-261.693277,0.009042
1069,192.965057,0.009019
1070,-143.275805,0.008995
1071,-79.947634,0.008972
1072,-179.247426,0.008948
1073,-478.393276,0.008925
1074,-300.213701,0.008902
1075,-280.87682,0.008879
1076,-595.792535,0.008857
1077,-274.39372,0.008834
1078,-52.654022,0.008812
1079,-486.984945,0.008789
1080,-1015.81696,0.008767
1081,-363.91029,0.008745
1082,-327.026456,0.008723
1083,-471.349493,0.008701
1084,-328.449201,0.008679
1085,-342.520865,0.008658
1086,-240.214187,0.008636
1087,-490.738973,0.008615
1088,-102.392769,0.008594
1089,-476.11568,0.008573
1090,-20.398687,0.008552
1091,-614.200577,0.008531
1092,-391.110552,0.00851
1093,-375.893808,0.00849
1094,-393.809286,0.008469
1095,-312.143993,0.008449
1096,-451.939806,0.008429
1097,-378.127301,0.008408
1098,-371.912801,0.008389
1099,-545.956842,0.008369
1100,-756.214568,0.008349
1101,-354.563375,0.008329
1102,-579.379571,0.00831
1103,-395.462188,0.00829
1104,-415.169864,0.008271
1105,-548.415961,0.008252
1106,-551.51962,0.008233
1107,-264.946082,0.008214
1108,-570.824318,0.008195
1109,-590.811209,0.008176
1110,-713.529587,0.008158
1111,-398.215854,0.008139
1112,-923.854836,0.008121
1113,-754.373123,0.008102
1114,-603.287956,0.008084
1115,-546.282805,0.008066
1116,-870.596459,0.008048
1117,-552.163676,0.00803
1118,-285.690353,0.008012
1119,-576.603695,0.007995
1120,-902.935089,0.007977
1121,-287.072171,0.00796
1122,-840.48684,0.007942
1123,-589.888228,0.007925
1124,-606.229049,0.007908
1125,-283.217149,0.007891
1126,-902.862122,0.007874
1127,-90.082386,0.007857
1128,-252.889941,0.00784
1129,-556.10769,0.007824
1130,-567.790547,0.007807
1131,-293.553157,0.007791
1132,-219.572115,0.007774
1133,-203.463491,0.007758
1134,-770.560969,0.007742
1135,-829.6507,0.007726
1136,-213.485983,0.00771
1137,-816.909065,0.007694
1138,-520.992774,0.007678
1139,-619.559244,0.007662
1140,-162.895687,0.007647
1141,-183.002114,0.007631
1142,-455.705162,0.007616
1143,-189.490457,0.0076
1144,-160.941961,0.007585
1145,-274.166094,0.00757
1146,-615.163237,0.007555
1147,-774.309241,0.00754
1148,-275.418348,0.007525
1149,-206.847306,0.00751
1150,-146.094553,0.007496
1151,-124.789621,0.007481
1152,-219.939183,0.007466
1153,-313.880357,0.007452
1154,-289.492168,0.007438
1155,-135.187175,0.007423
1156,-244.579014,0.007409
1157,-284.320309,0.007395
1158,-535.62403,0.007381
1159,-112.874811,0.007367
1160,-177.240562,0.007353
1161,-181.161417,0.007339
1162,-198.52949,0.007325
1163,-346.559521,0.007312
1164,-697.067878,0.007298
1165,-340.1266,0.007285
1166,-253.247773,0.007271
1167,-198.926587,0.007258
1168,-690.886768,0.007245
1169,-194.577607,0.007232
1170,-253.747173,0.007219
1171,-232.33432,0.007206
1172,-874.737191,0.007193
1173,-240.450578,0.00718
1174,-233.667557,0.007167
1175,-931.685982,0.007154
1176,-188.234146,0.007142
1177,-461.732189,0.007129
1178,-301.417671,0.007117
1179,-771.673127,0.007104
1180,-396.131288,0.007092
1181,-279.363276,0.00708
1182,-283.652869,0.007067
1183,-492.294813,0.007055
1184,-241.287131,0.007043
1185,-250.486588,0.007031
1186,-1132.905119,0.007019
1187,-278.424894,0.007007
1188,-245.340466,0.006996
1189,-987.960595,0.006984
1190,-267.384483,0.006972
1191,-312.060201,0.006961
1192,-224.389562,0.006949
1193,-1316.162515,0.006938
1194,-311.720532,0.006926
1195,-229.858393,0.006915
1196,-244.705063,0.006904
1197,-318.839812,0.006893
1198,-882.640491,0.006882
1199,-289.734231,0.006871
1200,-291.033018,0.00686
1201,-195.164073,0.006849
1202,-232.965962,0.006838
1203,-223.811132,0.006827
1204,-200.888063,0.006816
1205,-227.290566,0.006806
1206,-1416.242211,0.006795
1207,-267.713762,0.006785
1208,-288.738496,0.006774
1209,-284.379115,0.006764
1210,-928.630714,0.006753
1211,-294.855016,0.006743
1212,-1323.188733,0.006733
1213,-522.661057,0.006723
1214,-761.861972,0.006713
1215,-277.630779,0.006703
1216,-326.207548,0.006693
1217,-271.549178,0.006683
1218,-297.221901,0.006673
1219,-310.75099,0.006663
1220,-361.665196,0.006653
1221,-1643.981303,0.006644
1222,-218.334914,0.006634
1223,-364.991337,0.006624
1224,-271.140619,0.006615
1225,-309.561468,0.006605
1226,-187.939896,0.006596
1227,-382.627902,0.006587
1228,-510.569464,0.006577
1229,-748.603524,0.006568
1230,-521.696896,0.006559
1231,-413.112678,0.00655
1232,-532.576878,0.006541
1233,-447.108129,0.006532
1234,-583.373499,0.006523
1235,-431.904337,0.006514
1236,-1010.283318,0.006505
1237,-412.54624,0.006496
1238,-354.365072,0.006487
1239,-343.47789,0.006478
1240,-481.610854,0.00647
1241,-3511.544388,0.006461
1242,-271.694581,0.006453
1243,-470.816395,0.006444
1244,-362.288233,0.006436
1245,-856.740816,0.006427
1246,-668.549477,0.006419
1247,-1088.138702,0.00641
1248,-357.940262,0.006402
1249,-379.935614,0.006394
1250,-1149.659263,0.006386
1251,-167.228536,0.006378
1252,-756.225579,0.00637
1253,-781.248032,0.006362
1254,-466.050032,0.006354
1255,-413.46686,0.006346
1256,-814.603938,0.006338
1257,-862.735175,0.00633
1258,-698.276425,0.006322
1259,-321.549222,0.006314
1260,-995.897483,0.006307
1261,-491.707417,0.006299
1262,-760.368378,0.006291
1263,-804.75266,0.006284
1264,-149.036123,0.006276
1265,-448.686431,0.006269
1266,-875.767504,0.006261
1267,-721.015775,0.006254
1268,-761.936601,0.006247
1269,-668.86232,0.006239
1270,-2081.839435,0.006232
1271,-660.327658,0.006225
1272,-693.951986,0.006218
1273,-668.668519,0.00621
1274,-726.55754,0.006203
1275,-792.963496,0.006196
1276,-631.017225,0.006189
1277,-681.01161,0.006182
1278,-706.807964,0.006175
1279,-1465.033874,0.006168
1280,-1283.06389,0.006162
1281,-830.365533,0.006155
1282,-813.584414,0.006148
1283,-326.35923,0.006141
1284,-644.264052,0.006135
1285,-782.110125,0.006128
1286,-691.607476,0.006121
1287,-770.534016,0.006115
1288,-654.017891,0.006108
1289,-703.358081,0.006102
1290,-283.784569,0.006095
1291,-232.893946,0.006089
1292,-840.164161,0.006082
1293,-1337.475558,0.006076
1294,-245.414926,0.00607
1295,-732.779865,0.006064
1296,-887.641976,0.006057
1297,-1168.345364,0.006051
1298,-1232.75358,0.006045
1299,-386.608249,0.006039
1300,-1096.564597,0.006033
1301,-248.303692,0.006027
1302,-246.591978,0.006021
1303,-1137.75512,0.006015
1304,-478.276985,0.006009
1305,-708.841908,0.006003
1306,-669.059053,0.005997
1307,-855.854438,0.005991
1308,-694.638948,0.005985
1309,-846.339535,0.005979
1310,-846.272536,0.005974
1311,-227.612459,0.005968
1312,-347.228755,0.005962
1313,-437.458557,0.005957
1314,-959.441895,0.005951
1315,-892.430831,0.005945
1316,-341.931611,0.00594
1317,-1031.376397,0.005934
1318,-827.218155,0.005929
1319,-1043.081863,0.005923
1320,-99.827852,0.005918
1321,-161.217349,0.005913
1322,-1032.795884,0.005907
1323,-828.497914,0.005902
1324,-772.124354,0.005897
1325,-97.444486,0.005891
1326,-316.574305,0.005886
1327,-308.085247,0.005881
1328,-38.170805,0.005876
1329,-1245.304845,0.005871
1330,-1982.90246,0.005866
1331,-479.777617,0.005861
1332,-345.308354,0.005855
1333,-558.995025,0.00585
1334,-1525.382002,0.005845
1335,-237.346408,0.005841
1336,-144.344822,0.005836
1337,-435.072213,0.005831
1338,-187.656377,0.005826
1339,-1747.322771,0.005821
1340,-1853.46743,0.005816
1341,-752.700896,0.005811
1342,-416.725539,0.005807
1343,-371.602837,0.005802
1344,-1129.713061,0.005797
1345,-812.272358,0.005793
1346,-603.442045,0.005788
1347,-706.07473,0.005783
1348,60.862862,0.005779
1349,-509.275611,0.005774
1350,-304.313626,0.00577
1351,-235.669867,0.005765
1352,-659.793387,0.005761
1353,-593.932457,0.005756
1354,-666.743432,0.005752
1355,-447.674748,0.005747
1356,-627.242651,0.005743
1357,-452.192064,0.005738
1358,-542.497358,0.005734
1359,-448.457758,0.00573
1360,-321.806568,0.005726
1361,-967.175207,0.005721
1362,-207.195851,0.005717
1363,-313.810413,0.005713
1364,-311.377418,0.005709
1365,-529.076901,0.005705
1366,-551.072838,0.0057
1367,-221.375647,0.005696
1368,-226.554217,0.005692
1369,-182.89843,0.005688
1370,-599.830658,0.005684
1371,-112.698838,0.00568
1372,-574.757569,0.005676
1373,-295.411855,0.005672
1374,-429.693616,0.005668
1375,-91.052272,0.005664
1376,-239.97416,0.00566
1377,-158.439041,0.005657
1378,-285.504218,0.005653
1379,-326.814056,0.005649
1380,150.12487,0.005645
1381,-232.666318,0.005641
1382,-284.144086,0.005638
1383,-362.872228,0.005634
1384,-543.703579,0.00563
1385,113.766289,0.005626
1386,-73.040093,0.005623
1387,-93.164126,0.005619
1388,-271.269685,0.005615
1389,-60.55566,0.005612
1390,-243.539166,0.005608
1391,-263.107155,0.005605
1392,-142.28943,0.005601
1393,-271.522667,0.005598
1394,-337.846767,0.005594
1395,-132.095403,0.005591
1396,-153.783582,0.005587
1397,-71.139296,0.005584
1398,5.528721,0.00558
1399,-289.843378,0.005577
1400,-357.916572,0.005573
1401,147.388973,0.00557
1402,143.179614,0.005567
1403,-237.181667,0.005563
1404,-343.706686,0.00556
1405,-383.150736,0.005557
1406,-569.888521,0.005554
1407,-196.463099,0.00555
1408,-366.405093,0.005547
1409,-338.312827,0.005544
1410,-372.737513,0.005541
1411,-347.636163,0.005538
1412,-638.538661,0.005534
1413,-61.47728,0.005531
1414,61.387778,0.005528
1415,-215.967558,0.005525
1416,-169.926307,0.005522
1417,-138.619743,0.005519
1418,-87.785378,0.005516
1419,-167.098773,0.005513
1420,-217.351746,0.00551
1421,-603.339898,0.005507
1422,-431.919203,0.005504
1423,-671.290122,0.005501
1424,-445.105084,0.005498
1425,-278.816546,0.005495
1426,-344.531786,0.005492
1427,-661.734929,0.005489
1428,-322.671775,0.005486
1429,-329.041955,0.005484
1430,-371.954793,0.005481
1431,32.26972,0.005478
1432,-319.62505,0.005475
1433,-316.49022,0.005472
1434,-300.905376,0.00547
1435,-385.317169,0.005467
1436,-151.868175,0.005464
1437,-1773.297769,0.005461
1438,119.079605,0.005459
1439,-195.754713,0.005456
1440,-513.781619,0.005453
1441,-422.352642,0.005451
1442,-326.170452,0.005448
1443,-474.109007,0.005445
1444,-174.224222,0.005443
1445,-704.881818,0.00544
1446,-144.975325,0.005438
1447,-270.362469,0.005435
1448,-105.94962,0.005432
1449,-251.983107,0.00543
1450,-194.224374,0.005427
1451,-331.974443,0.005425
1452,106.622279,0.005422
1453,-941.240621,0.00542
1454,120.902611,0.005417
1455,103.750273,0.005415
1456,-37.04682,0.005413
1457,-583.205569,0.00541
1458,-230.999788,0.005408
1459,-245.618963,0.005405
1460,-401.857391,0.005403
1461,-228.285751,0.005401
1462,-196.951422,0.005398
1463,-929.068236,0.005396
1464,-223.752697,0.005394
1465,-883.349795,0.005391
1466,-237.5367,0.005389
1467,-189.092442,0.005387
1468,-216.637705,0.005384
1469,48.223037,0.005382
1470,-507.771531,0.00538
1471,50.136089,0.005378
1472,-216.652611,0.005375
1473,-294.572329,0.005373
1474,-80.765956,0.005371
1475,-229.799037,0.005369
1476,-338.905677,0.005367
1477,-455.617382,0.005365
1478,-298.315976,0.005362
1479,1.041218,0.00536
1480,-187.165215,0.005358
1481,-65.422628,0.005356
1482,-293.038995,0.005354
1483,-320.896661,0.005352
1484,-132.831953,0.00535
1485,-284.824261,0.005348
1486,-164.02779,0.005346
1487,-77.003507,0.005344
1488,-145.745434,0.005342
1489,-161.517064,0.00534
1490,212.656717,0.005338
1491,-222.635957,0.005336
1492,103.008322,0.005334
1493,42.441335,0.005332
1494,154.036499,0.00533
1495,-117.841636,0.005328
1496,-73.075137,0.005326
1497,-194.939988,0.005324
1498,-331.503808,0.005322
1499,65.525409,0.00532
